WKT,label,fillColor
"POLYGON((120.1167268662528639 -23.384029777518061,120.1163618924874238 -23.383004724979695,120.1163338833926779 -23.382456760824994,120.1181066676891871 -23.382499504184162,120.1204061055564618 -23.382295424064715,120.1224235909112589 -23.382299633928559,120.1227887225558301 -23.381337395779724,120.1233552979549581 -23.379922023180239,120.1216480394395264 -23.379844318762506,120.1198108048965260 -23.378398030270900,120.1260464160479650 -23.376531304232611,120.1302120563279732 -23.370868639980920,120.1303615804545360 -23.367750961770609,120.1251434040648826 -23.366569737033729,120.1255380380005114 -23.362236590476343,120.1393215977466138 -23.365874158639135,120.1420549560304948 -23.369495466649484,120.1412968181488324 -23.372844190907502,120.1362618023542204 -23.375600747031854,120.1356912734331780 -23.377843270671596,120.1313374280150599 -23.381606731063065,120.1299837613467231 -23.383449401558618,120.1336985505499644 -23.383843091264561,120.1354597269889318 -23.384336386790350,120.1387195701723803 -23.385237638054884,120.1378987945101405 -23.387945408974361,120.1362966537586775 -23.387564028116895,120.1361527189745480 -23.388026987810396,120.1338642662707856 -23.387254484351523,120.1327440730808560 -23.387914736088220,120.1311598637505332 -23.388023536435174,120.1252395865936111 -23.387262181540415,120.1251781653038784 -23.385815476755771,120.1243624863656784 -23.385815709443189,120.1241560359578299 -23.385994814104498,120.1236597816298882 -23.385984120827960,120.1236456863821702 -23.385814288697235,120.1234595561395883 -23.385657507453308,120.1223021501541730 -23.385620276838320,120.1221359371266151 -23.386389598050609,120.1215135519339586 -23.386896575341841,120.1202124749556582 -23.386888007753153,120.1202201255174098 -23.385775176985289,120.1196210836770313 -23.385818506661130,120.1196088723820939 -23.383157202026601,120.1182729803418658 -23.383190990544523,120.1185661510683912 -23.383989254202414,120.1185904536096828 -23.384683399493972,120.1183400762201848 -23.384667038074707,120.1178208407686806 -23.384694995624509,120.1177880839588518 -23.384801637874416,120.1184228339782543 -23.384904929543413,120.1183957618863971 -23.385189442164610,120.1182953540039363 -23.385717849946285,120.1186635438534681 -23.386575412964695,120.1183458211718093 -23.387162210306647,120.1165730794071854 -23.386309020737978,120.1163454027488976 -23.386444882375974,120.1161928172654243 -23.386262449102889,120.1165153439310549 -23.385846118574629,120.1166275095744265 -23.385631105249784,120.1166355622420358 -23.384677997999470,120.1165933001566923 -23.384515397131993,120.1167268662528639 -23.384029777518061 ))",AOZ_W4_PC2,#da176b
"POLYGON((120.0364147422663588 -23.339249170841153,120.0369402286323583 -23.340530782770039,120.0298350994867620 -23.343138589190490,120.0292585542065821 -23.341774466445592,120.0364147422663588 -23.339249170841153 ))",AOZ_OB18_CALPAD,#52c62c
"POLYGON((120.0734684705900790 -23.386513906440652,120.0734867286977999 -23.386057934955820,120.0740385355128466 -23.386072314289411,120.0752960902262121 -23.386083422423475,120.0775701167661315 -23.386136135313473,120.0797072161485635 -23.386150242993908,120.0813301640863545 -23.386166483733237,120.0813445502683747 -23.386300019059562,120.0814030371664214 -23.386308309087460,120.0813614469134018 -23.387392256624683,120.0813561719676007 -23.387486521256692,120.0811759290876798 -23.387610812198305,120.0809023658055300 -23.387498749620381,120.0736175767893535 -23.387306793774493,120.0734750371073292 -23.386714800600091,120.0734684705900790 -23.386513906440652 ))",AOZ_WSHOP_CALPAD,#5fe3fb
"POLYGON((120.0979098215887728 -23.388386959800069,120.0978988932614388 -23.388762841651938,120.0972737353970550 -23.388768617991524,120.0971436240952021 -23.389718780479701,120.0956082143894263 -23.389766169466470,120.0955587565595035 -23.388780844966505,120.0927170812179927 -23.388745088014195,120.0925046814319125 -23.390601969689014,120.0896828604662911 -23.390570902171169,120.0900311278167259 -23.391858975270014,120.0927667776711523 -23.391795262500409,120.0954723566680729 -23.392501915590256,120.0981724110729240 -23.392510445256313,120.1054686920144168 -23.393420115830031,120.1065646364380830 -23.392854224428326,120.1075060747934511 -23.394060234965189,120.1063733492185527 -23.394521490341708,120.0955153193405452 -23.397200884110832,120.0922090144434542 -23.397657793571479,120.0898542371348699 -23.396679808192322,120.0899396124002900 -23.400880091001174,120.0983916476961024 -23.399120449076783,120.0994536913573599 -23.399096490037137,120.1009197289423048 -23.398614643667388,120.1078177775821425 -23.399853626466698,120.1016947674975793 -23.405021787095442,120.0889274138201382 -23.406133562704984,120.0853595378031202 -23.415965213425787,120.0731789429140980 -23.416188364590309,120.0724554268009470 -23.412358183394016,120.0767906806828853 -23.408463897586430,120.0778997691002625 -23.399855931094551,120.0791360750222667 -23.395190998263102,120.0793642174083549 -23.394713658381905,120.0796446620846863 -23.392473203881767,120.0818143378745841 -23.391169514585296,120.0836694543009636 -23.390945516758621,120.0889769599605987 -23.391204670940546,120.0889347832292196 -23.387991339643569,120.0814283635346865 -23.387673943432967,120.0814743227961189 -23.386118769303586,120.0734087723436339 -23.385952678644156,120.0732600072506637 -23.387293261934665,120.0720330537597818 -23.387118087501897,120.0704049699428229 -23.386367065345077,120.0682242489843768 -23.384899295445217,120.0634346273544855 -23.379137157749192,120.0631722250823097 -23.377758769803998,120.0641728084326101 -23.375715936031758,120.0633354034580368 -23.375515008013214,120.0624393520391195 -23.374400448655221,120.0624201111830976 -23.373353176354005,120.0628328235475601 -23.373099884473887,120.0642461872969750 -23.374669540212581,120.0643595368378031 -23.374604950276034,120.0641928325411666 -23.373907143702773,120.0644653114778713 -23.373894425323900,120.0646280299617142 -23.374945900342017,120.0646695379703983 -23.376958279861045,120.0644714175852094 -23.378817053559790,120.0669330635576163 -23.382219394687711,120.0695469169356927 -23.384562676859918,120.0728474485965824 -23.385498136560631,120.0828944011204141 -23.385758015406268,120.0830725104143841 -23.385898907836408,120.0831891021417137 -23.386049569173556,120.0833057232288663 -23.386630734899503,120.0851360268160761 -23.386834630128122,120.0872228959297212 -23.387443946136445,120.0888028083403853 -23.387429319852148,120.0894449014854348 -23.384780017762732,120.0900024785863709 -23.384792860514263,120.0897074446946133 -23.388224971238726,120.0979098215887728 -23.388386959800069 ))",AOZ_SOUTH_JIMBLEBAR,#611d28
"POLYGON((120.1386756584925683 -23.385266543494060,120.1336767425663897 -23.383874428237749,120.1298828294170651 -23.383464147678643,120.1312869629523312 -23.381627331659352,120.1356675057150255 -23.377820795154188,120.1361433554135729 -23.375494779948060,120.1412090745319598 -23.372637180161405,120.1419457035048041 -23.369402859914874,120.1668722820166941 -23.361613804312746,120.1762564643109805 -23.362493534909885,120.1768894784491131 -23.360089012554034,120.1836977851349982 -23.360501141912500,120.1835780013131194 -23.362303822955859,120.1821883681864213 -23.363080896980074,120.1861009861624218 -23.363076259510123,120.1867814176301899 -23.363287164246941,120.1871838993626852 -23.363601440436441,120.1874985577232409 -23.363973346923594,120.1876186527735732 -23.365300129383336,120.1898845654623822 -23.366842906262997,120.1899915028212940 -23.370274541156362,120.1891052341245242 -23.373497437215703,120.1892050052603448 -23.373671037100579,120.2017732378207367 -23.378387470209534,120.2021711611699323 -23.379264346881192,120.2022597206303796 -23.379961363133538,120.2024172028455985 -23.380240134815065,120.2026100684013476 -23.380204685978730,120.2065588979045764 -23.374820448730765,120.2065921014396020 -23.374093692217557,120.1946264143451003 -23.369080393125555,120.1938295427321741 -23.362336924365490,120.1956690634208028 -23.360018646278792,120.2046202701355073 -23.355152151533332,120.2107057741156620 -23.356458451857305,120.2108250850537324 -23.356326413327398,120.2151255868529390 -23.356266136640122,120.2163818833371325 -23.359339171541889,120.2253282692527002 -23.362660207268939,120.2253554888033269 -23.363103796002242,120.2284725046447698 -23.366365548676874,120.2367684017409989 -23.366825378430305,120.2367686944894690 -23.371117962250005,120.2215495468257125 -23.369878193034908,120.2202063059901786 -23.369713254584993,120.2195935652443504 -23.369661963880058,120.2178723124125326 -23.369460294801500,120.2182372982408698 -23.370662226135515,120.2274432103940527 -23.373344835041014,120.2261152207454736 -23.377392478891973,120.2217291684047014 -23.377852856532747,120.2202705938678064 -23.374472350396432,120.2133682607837717 -23.373510469908879,120.2109823429936864 -23.376262116973127,120.2211226586771185 -23.380253488842601,120.2273134996785720 -23.383036999562341,120.2276494226642349 -23.384014838534007,120.2235813695604561 -23.385075375718128,120.2222512370794372 -23.384950341864290,120.2211578732193837 -23.384634637535291,120.2180312309361716 -23.382195161840225,120.2153595483789675 -23.380883192562619,120.2152371128053086 -23.381089540943382,120.2172304111184367 -23.382093181610617,120.2171606923970846 -23.382312877924988,120.2145753305803758 -23.387591989410683,120.2038915012492706 -23.387593682814203,120.2027749919741332 -23.382039429169293,120.1976306221875630 -23.383215574171735,120.1951584734952001 -23.384995721650032,120.1942376591566503 -23.386475120871733,120.1828243315367880 -23.386711687002272,120.1817856151308477 -23.387470061108577,120.1797296941534663 -23.387481211569001,120.1792734760597905 -23.383677228613393,120.1717153326315691 -23.383567695547681,120.1715703076037187 -23.382385294472133,120.1660994027461928 -23.384000163153542,120.1657413863222064 -23.384604398027915,120.1650599101521433 -23.384850001607599,120.1654455323758029 -23.386050662989779,120.1634996803649822 -23.386653183855011,120.1613109563883086 -23.386866532297516,120.1606388700002955 -23.385687893189984,120.1595906401414400 -23.386057118594106,120.1600453051153836 -23.387164941798966,120.1542741976495848 -23.388127458036897,120.1378224073734503 -23.387904168074443,120.1386756584925683 -23.385266543494060 ))",AOZ_W5,#a59abd
"POLYGON((120.0785330190917694 -23.363623315772646,120.0782779714639137 -23.363963512284740,120.0784610781869695 -23.364243179559921,120.0781307565919735 -23.365089565257246,120.0775974425361803 -23.366625827149323,120.0772371523335370 -23.366873686653949,120.0762667642089908 -23.367101585451786,120.0758082414904858 -23.366791207734133,120.0741743295654475 -23.368062059086773,120.0729057654958237 -23.367238702088928,120.0705299673331903 -23.367795116944108,120.0691188340185157 -23.365946282801510,120.0692628040807824 -23.364566514866210,120.0670279884956386 -23.364394426945544,120.0670041557331190 -23.364852296118036,120.0668780869570843 -23.364846282627905,120.0663909257925680 -23.364798387132452,120.0661360467697412 -23.364742660403995,120.0661814012428978 -23.364358100857666,120.0648250600393612 -23.364270364395623,120.0645431912598125 -23.364272340901263,120.0645238311464173 -23.364344578705497,120.0643699865609467 -23.364343087656514,120.0643638220202428 -23.364300020917275,120.0643487588511371 -23.364278445820251,120.0637454139888380 -23.364326471821900,120.0635856493487954 -23.364998638776178,120.0536286512582049 -23.364378927217635,120.0514219247638063 -23.363059602074620,120.0514314864690924 -23.362722184302454,120.0517513989378567 -23.362694283613198,120.0551875672254327 -23.363388448801175,120.0609744160597033 -23.363787416286866,120.0612449892038983 -23.363077747226446,120.0620925570690075 -23.363151904691973,120.0620680495546405 -23.363754509490815,120.0686908127619045 -23.364009044824804,120.0689520272896385 -23.362312414599050,120.0767430307133458 -23.362282653514757,120.0785330190917694 -23.363623315772646 ))",AOZ_Bulking,#bf646a
"POLYGON((120.0803247126762440 -23.362719720560832,120.0812081619867705 -23.362612925925596,120.0821090663878926 -23.361748229098330,120.0822485134520252 -23.355713543368487,120.0821541117770341 -23.355397463776801,120.0816804104875410 -23.354807461169725,120.0790714991979058 -23.354659677781009,120.0790561215844717 -23.354329670932086,120.0792398556698619 -23.353769728047317,120.0839710116142386 -23.349795964082192,120.0852376276935475 -23.347869528972991,120.0931912741102767 -23.343482038244965,120.0926319026763358 -23.334367928548236,120.0934094555663369 -23.333185986613185,120.0941300351595924 -23.331244267620782,120.0951648020784647 -23.328504021420083,120.0953922524588834 -23.327918423604538,120.0953760904137707 -23.324690819010815,120.0953711599571889 -23.322665878698474,120.0958532320224398 -23.322664928565386,120.0958440067666859 -23.327935720771202,120.0934366449373864 -23.334621143998088,120.0940654598543060 -23.343782004286996,120.0857591637711978 -23.348591612718934,120.0846641890415488 -23.350469332364688,120.0803866212141933 -23.354101849986523,120.0816451654377762 -23.354281259053986,120.0818739334181617 -23.354372477339338,120.0819506169017557 -23.354456786652505,120.0822449214145297 -23.354670690830393,120.0824271415599463 -23.354857269005827,120.0826382231718301 -23.355183337541460,120.0827137444637931 -23.355435496950078,120.0828527237526445 -23.355448639695037,120.0831902440417490 -23.355468226707850,120.0832065979140709 -23.355772229656972,120.0828766082335269 -23.355749119172195,120.0827211605101602 -23.362356701748416,120.0810092008009256 -23.363615747329542,120.0803247126762440 -23.362719720560832 ))",AOZ_LINK,#ef2231
"POLYGON((120.0440196643094656 -23.338345000783234,120.0431950927712334 -23.338455119365517,120.0427735252893256 -23.337933812844000,120.0391112355452730 -23.338668105526116,120.0386231382653567 -23.336366653408214,120.0393617263985491 -23.336045911963630,120.0433981466995677 -23.335798358130564,120.0441949102606384 -23.335221085201029,120.0434098378158970 -23.335134540129343,120.0436095001454099 -23.334373967539146,120.0445834419019952 -23.334625780366453,120.0467983949453819 -23.336107535505504,120.0489660990671161 -23.334575051020136,120.0535584898136770 -23.332293277541903,120.0547286894883852 -23.330624648891519,120.0541252067609835 -23.330085245903968,120.0545214791802764 -23.329699954219379,120.0535755540870097 -23.328672990729973,120.0475916878115399 -23.326228009785974,120.0494112373623321 -23.322192956648110,120.0550570553075133 -23.319743845509647,120.0589973634257262 -23.321346729563248,120.0611906040781607 -23.322827407411936,120.0639116839976428 -23.322803968295556,120.0677769195272706 -23.320695398565687,120.0642637575675124 -23.318236801287544,120.0713731555152307 -23.317990718380236,120.0690778379560352 -23.321247333536476,120.0680273391584602 -23.321331151785952,120.0637708814661532 -23.323304307301151,120.0887370911283780 -23.318689036548104,120.0869237880455564 -23.313929807642956,120.0867942831576072 -23.313733192200481,120.0839066257297058 -23.312049739736200,120.0879444212774390 -23.304719720028681,120.0961015667312563 -23.302768024358502,120.1041369902420771 -23.302882116369585,120.1051039270774866 -23.310845630138705,120.1056702077730289 -23.310845378306371,120.1102454009609040 -23.314531801985169,120.1187630275086063 -23.309394921032563,120.1226644365863476 -23.309954420877931,120.1244040966587625 -23.311886860458308,120.1260537677733841 -23.310804711445240,120.1272816743394848 -23.310613938810456,120.1286221783964141 -23.310803978758876,120.1298034573524406 -23.313841099500773,120.1269633270956711 -23.314949591735510,120.1200067375040976 -23.315777913529902,120.1189731195901305 -23.323893324623599,120.1151921430975709 -23.326741709459322,120.1036555731269293 -23.322525280888724,120.0953820220394081 -23.322752734918255,120.0953881650767072 -23.323914589412244,120.0942583409445263 -23.323897034225708,120.0942805223075942 -23.325038297944270,120.0930885948731447 -23.325046402933741,120.0930998177862858 -23.324687766455022,120.0934874087970971 -23.324640885485348,120.0934996206539489 -23.324442243227827,120.0930774027060876 -23.324421777473061,120.0930265142503979 -23.323970520811849,120.0928330587348516 -23.323959921737086,120.0928470718021589 -23.322924738856711,120.0928079291306905 -23.322611261921579,120.0926498784151925 -23.322601104198704,120.0925623562970459 -23.324207845975506,120.0630104932181197 -23.325205858443173,120.0629705225516238 -23.328526478112093,120.0611476812388404 -23.331619352368411,120.0572075437869140 -23.332518955655410,120.0554190941754511 -23.332229904685469,120.0549834071406757 -23.332616471678726,120.0553594006326916 -23.333171740373323,120.0561267460797694 -23.334331481622939,120.0568684970438629 -23.335930583025500,120.0513854597012107 -23.340342018232881,120.0499079068787519 -23.338330228952749,120.0473231210585680 -23.339148364864892,120.0469123141302523 -23.338659288929306,120.0450859661577858 -23.339093023036381,120.0440196643094656 -23.338345000783234 ))",AOZ_OB18,#d887dd
"POLYGON((120.0946281920306175 -23.384965711032972,120.0878732013071505 -23.384747148979314,120.0774720191805067 -23.381820013612593,120.0749302183890905 -23.380494463731061,120.0724143271315703 -23.373310507274983,120.0724371059860620 -23.373174162345743,120.0712071108782295 -23.372856510605581,120.0713514528059824 -23.371193050278980,120.0711916779580700 -23.368847352519058,120.0713778686329159 -23.368456161600934,120.0729629087030265 -23.367621697459929,120.0742263957793857 -23.368573719657333,120.0755092079327179 -23.367505670302053,120.0763560550665757 -23.367050365350481,120.0772281541346506 -23.366869264993615,120.0775602741129439 -23.366578977059737,120.0780006927296777 -23.365301242944872,120.0784163816244027 -23.364236059372649,120.0781843711126855 -23.363924533554002,120.0784509583024604 -23.363566456260389,120.0797540434154940 -23.362904436833724,120.0804791492535466 -23.362797055336413,120.0809971679617412 -23.363571147328363,120.1068536980761351 -23.356346231429269,120.1086790415490234 -23.358392592990796,120.1102192464748256 -23.361255350963570,120.1119265823430461 -23.362467282758002,120.1133856441788808 -23.364388516090216,120.1195948657382380 -23.359906988993173,120.1255833331251558 -23.362415894193664,120.1252016935707417 -23.366551842915928,120.1229750904027082 -23.366334968638048,120.1206425876098072 -23.369298241049203,120.1218575488275244 -23.371457729963541,120.1231472459818738 -23.370958236989199,120.1248460757954599 -23.372211614481597,120.1142734082084699 -23.380223565310975,120.1164036233087680 -23.382547843895322,120.1164210952213655 -23.383470696596442,120.1138522920676718 -23.383452107259507,120.1133249230243144 -23.383246576279924,120.1132619079163877 -23.382809227792233,120.1096632513691286 -23.383005281534989,120.1090345803709910 -23.384559267538331,120.1098581402367292 -23.385389974709950,120.1095227883860501 -23.385616247706383,120.1093175982932620 -23.385632197342540,120.1090009625925357 -23.386382419911090,120.1079413631376374 -23.386393557023532,120.1079233840491060 -23.386638519876713,120.1064155527236325 -23.386654660534534,120.1064511639499691 -23.385379660318622,120.1080300958837338 -23.385329189044378,120.1091140769161073 -23.382868828894893,120.1086738596763632 -23.382797083354958,120.1084947147072586 -23.383245064894420,120.1081573912253620 -23.383243084444056,120.1080877197457385 -23.384155488323627,120.1066117680860219 -23.384110222447993,120.1067047897160033 -23.382833851499431,120.1069383353008551 -23.382708732739075,120.1062522433948515 -23.382675972481017,120.1062252789831447 -23.383105310795714,120.1061783518749993 -23.383375743786046,120.1062084272145141 -23.384105190958344,120.1062292914579143 -23.384576681223308,120.1054062783612161 -23.384592807104838,120.1060806828023952 -23.385342927541666,120.1061233313092002 -23.386869364062192,120.1052938599234358 -23.386837457318934,120.1033433784827746 -23.385526726951074,120.0976536705836453 -23.385455124569614,120.0966508066266025 -23.385607369317007,120.0957481137137284 -23.384626622154926,120.0946281920306175 -23.384965711032972 ))",AOZ_W1_W2_W3_PC1,#49d905
